,CERT,CHCLASS1,COST,NAME,QBFASSET,QBFDEP,RESTYPE,CITY,STATE,YEAR_FAILED,MONTH_FAILED,QUARTER_FAILED
0,21111,N,2491.0,CITY NATIONAL BANK OF NEW JERSEY,120574,111234,FAILURE,NEWARK, NJ,2019,11,2019Q4
1,58112,NM,4547.0,LOUISA COMMUNITY BANK,28163,25174,FAILURE,LOUISA, KY,2019,10,2019Q4
2,58317,SB,2188.0,RESOLUTE BANK,23292,22885,FAILURE,MAUMEE, OH,2019,10,2019Q4
3,10716,NM,21577.0,ENLOE STATE BANK,36738,31254,FAILURE,COOPER, TX,2019,5,2019Q2
4,30570,SB,86826.0,WASHINGTON FEDERAL BANK FOR SAVINGS,166345,143964,FAILURE,CHICAGO, IL,2017,12,2017Q4
5,17719,NM,280.0,THE FARMERS AND MERCHANTS STATE BANK OF ARGONIA,33012,27466,FAILURE,ARGONIA, KS,2017,10,2017Q4
6,1802,SM,8544.0,FAYETTE COUNTY BANK,34370,33972,FAILURE,SAINT ELMO, IL,2017,5,2017Q2
7,30003,SB,133914.0,GUARANTY BANK,1031900,1002026,FAILURE,MILWAUKEE, WI,2017,5,2017Q2
8,58302,NM,858100.0,FIRST NBC BANK,3325870,3032208,FAILURE,NEW ORLEANS, LA,2017,4,2017Q2
9,35495,NM,9302.0,PROFICIO BANK,68208,65042,FAILURE,COTTONWOOD HEIGHTS, UT,2017,3,2017Q1
10,19328,NM,44526.0,SEAWAY BANK AND TRUST COMPANY,297809,256505,FAILURE,CHICAGO, IL,2017,1,2017Q1
11,34951,NM,22158.0,HARVEST COMMUNITY BANK,124223,122177,FAILURE,PENNSVILLE, NJ,2017,1,2017Q1
12,91,SM,6213.0,ALLIED BANK,66336,64713,FAILURE,MULBERRY, AR,2016,9,2016Q3
13,11297,NM,3290.0,THE WOODBURY BANKING COMPANY,21426,21122,FAILURE,WOODBURY, GA,2016,8,2016Q3
14,35312,NM,10825.0,FIRST CORNERSTONE BANK,103307,101040,FAILURE,KING OF PRUSSIA, PA,2016,5,2016Q2
15,9956,NM,10372.0,TRUST COMPANY BANK,18998,20148,FAILURE,MEMPHIS, TN,2016,4,2016Q2
16,20364,NM,11763.0,NORTH MILWAUKEE STATE BANK,67115,61493,FAILURE,MILWAUKEE, WI,2016,3,2016Q1
17,35156,N,995.0,HOMETOWN NATIONAL BANK,3785,3705,FAILURE,LONGVIEW, WA,2015,10,2015Q4
18,35259,NM,27760.0,THE BANK OF GEORGIA,286102,264234,FAILURE,PEACHTREE CITY, GA,2015,10,2015Q4
19,34112,SM,1210.0,PREMIER BANK,26760,25480,FAILURE,DENVER, CO,2015,7,2015Q3
20,57772,NM,20651.0,EDGEBROOK BANK,90034,90007,FAILURE,CHICAGO, IL,2015,5,2015Q2
21,32102,NM,693979.0,DORAL BANK,5898515,4097734,FAILURE,SAN JUAN, PR,2015,2,2015Q1
22,33938,NM,96014.0,CAPITOL CITY BANK & TRUST COMPANY,272311,262652,FAILURE,ATLANTA, GA,2015,2,2015Q1
23,20290,NM,4743.0,HIGHLAND COMMUNITY BANK,54727,53453,FAILURE,CHICAGO, IL,2015,1,2015Q1
24,17557,N,6329.0,FIRST NATIONAL BANK OF CRESTVIEW,73804,73199,FAILURE,CRESTVIEW, FL,2015,1,2015Q1
25,34983,NM,3946.0,NORTHERN STAR BANK,18794,18221,FAILURE,MANKATO, MN,2014,12,2014Q4
26,34738,SB,2905.0,"FRONTIER BANK, FSB",80736,76344,FAILURE,PALM DESERT, CA,2014,11,2014Q4
27,916,N,57273.0,THE NATIONAL REPUBLIC BANK OF CHICAGO,843118,809638,FAILURE,CHICAGO, IL,2014,10,2014Q4
28,4862,SM,19837.0,NBRS FINANCIAL BANK,155353,151559,FAILURE,RISING SUN, MD,2014,10,2014Q4
29,28462,SB,18412.0,"GREENCHOICE BANK, FSB",70286,68722,FAILURE,CHICAGO, IL,2014,7,2014Q3
30,58125,NM,38334.0,EASTSIDE COMMERCIAL BANK,173946,166875,FAILURE,CONYERS, GA,2014,7,2014Q3
31,12483,NM,3734.0,THE FREEDOM STATE BANK,22816,20855,FAILURE,FREEDOM, OK,2014,6,2014Q2
32,10450,NM,61339.0,VALLEY BANK,456442,359953,FAILURE,MOLINE, IL,2014,6,2014Q2
33,21793,NM,5439.0,VALLEY BANK,81843,66541,FAILURE,FORT LAUDERDALE, FL,2014,6,2014Q2
34,32368,SB,10954.0,SLAVIE FEDERAL SAVINGS BANK,140063,111142,FAILURE,BEL AIR, MD,2014,5,2014Q2
35,32284,SI,7224.0,COLUMBIA SAVINGS BANK,36484,29538,FAILURE,CINCINNATI, OH,2014,5,2014Q2
36,57866,NM,21715.0,AZTECAMERICA BANK,66309,65031,FAILURE,BERWYN, IL,2014,5,2014Q2
37,15062,NM,22149.0,ALLENDALE COUNTY BANK,49498,49356,FAILURE,FAIRFAX, SC,2014,4,2014Q2
38,35096,N,10940.0,"MILLENNIUM BANK, NATIONAL ASSOCIATION",130305,121704,FAILURE,STERLING, VA,2014,2,2014Q1
39,58531,NM,8956.0,VANTAGE POINT BANK,63453,62472,FAILURE,HORSHAM, PA,2014,2,2014Q1
40,34296,NM,3487.0,SYRINGA BANK,153361,145813,FAILURE,BOISE, ID,2014,1,2014Q1
41,17967,NM,96352.0,THE  BANK OF UNION,317172,315843,FAILURE,EL RENO, OK,2014,1,2014Q1
42,5732,N,1530.0,DUPAGE NATIONAL BANK,53524,51878,FAILURE,WEST CHICAGO, IL,2014,1,2014Q1
43,57431,N,14203.0,"TEXAS COMMUNITY BANK, NATIONAL ASSOCIATION",159257,142640,FAILURE,THE WOODLANDS, TX,2013,12,2013Q4
44,14794,NM,5849.0,BANK OF JACKSON COUNTY,24724,24591,FAILURE,GRACEVILLE, FL,2013,10,2013Q4
45,14318,N,627701.0,FIRST NATIONAL BANK,3085764,2338335,FAILURE,EDINBURG, TX,2013,9,2013Q3
46,57041,NM,9211.0,THE COMMUNITY'S BANK,26368,25715,FAILURE,BRIDGEPORT, CT,2013,9,2013Q3
47,19849,NM,130437.0,COMMUNITY SOUTH BANK,386908,377672,FAILURE,PARSONS, TN,2013,8,2013Q3
48,34707,NM,15391.0,SUNRISE BANK OF ARIZONA,202179,196924,FAILURE,PHOENIX, AZ,2013,8,2013Q3
49,35016,NM,13428.0,BANK OF WAUSAU,43564,40663,FAILURE,WAUSAU, WI,2013,8,2013Q3
50,34943,NM,24921.0,FIRST COMMUNITY BANK OF SOUTHWEST FLORIDA,247315,243618,FAILURE,FORT MYERS, FL,2013,8,2013Q3
51,34789,N,33292.0,MOUNTAIN NATIONAL BANK,437282,373366,FAILURE,SEVIERVILLE, TN,2013,6,2013Q2
52,58358,NM,5208.0,1ST COMMERCE BANK,20152,19579,FAILURE,NORTH LAS VEGAS, NV,2013,6,2013Q2
53,35386,NM,23373.0,BANKS OF WISCONSIN,134024,127590,FAILURE,KENOSHA, WI,2013,5,2013Q2
54,34527,NM,5425.0,CENTRAL ARIZONA BANK,31550,30822,FAILURE,SCOTTSDALE, AZ,2013,5,2013Q2
55,58185,NM,16792.0,SUNRISE BANK,60793,57775,FAILURE,VALDOSTA, GA,2013,5,2013Q2
56,58701,NM,7943.0,PISGAH COMMUNITY BANK,21880,21246,FAILURE,ASHEVILLE, NC,2013,5,2013Q2
57,21649,NM,90766.0,DOUGLAS COUNTY BANK,317288,315326,FAILURE,DOUGLASVILLE, GA,2013,4,2013Q2
58,57158,NM,16490.0,PARKWAY BANK,109642,104709,FAILURE,LENOIR, NC,2013,4,2013Q2
59,26680,NM,25231.0,HERITAGE BANK OF NORTH FLORIDA,103960,106348,FAILURE,ORANGE PARK, FL,2013,4,2013Q2
60,29594,SB,7767.0,FIRST FEDERAL BANK,92982,87196,FAILURE,LEXINGTON, KY,2013,4,2013Q2
61,58034,NM,7920.0,CHIPOLA COMMUNITY BANK,37471,37067,FAILURE,MARIANNA, FL,2013,4,2013Q2
62,58066,SM,8263.0,GOLD CANYON BANK,42125,41728,FAILURE,GOLD CANYON, AZ,2013,4,2013Q2
63,16431,NM,73446.0,FRONTIER BANK,258840,224108,FAILURE,LAGRANGE, GA,2013,3,2013Q1
64,22476,NM,19576.0,COVENANT BANK,58422,54202,FAILURE,CHICAGO, IL,2013,2,2013Q1
65,57157,NM,12229.0,1ST REGENTS BANK,49626,49147,FAILURE,ANDOVER, MN,2013,1,2013Q1
66,33997,NM,22860.0,WESTSIDE COMMUNITY BANK,91935,91879,FAILURE,UNIVERSITY PLACE, WA,2013,1,2013Q1
67,27331,NM,13712.0,COMMUNITY BANK OF THE OZARKS,42816,41881,FAILURE,SUNRISE, MO,2012,12,2012Q4
68,57928,NM,39665.0,HOMETOWN COMMUNITYBANK,124561,108931,FAILURE,BRASELTON, GA,2012,11,2012Q4
69,3731,N,32458.0,CITIZENS FIRST NATIONAL BANK,923959,869440,FAILURE,PRINCETON, IL,2012,11,2012Q4
70,35009,NM,74776.0,HERITAGE BANK OF FLORIDA,225477,223309,FAILURE,LUTZ, FL,2012,11,2012Q4
71,27148,SI,88783.0,NOVA BANK,444710,395248,FAILURE,BERWYN, PA,2012,10,2012Q4
72,19189,NM,29582.0,EXCEL BANK,186113,173670,FAILURE,SEDALIA, MO,2012,10,2012Q4
73,28144,SB,12370.0,FIRST EAST SIDE SAVINGS BANK,65686,64888,FAILURE,TAMARAC, FL,2012,10,2012Q4
74,58073,NM,41254.0,GULFSOUTH PRIVATE BANK,139391,131579,FAILURE,DESTIN, FL,2012,10,2012Q4
75,20685,NM,33841.0,FIRST UNITED BANK,328422,316877,FAILURE,CRETE, IL,2012,9,2012Q3
76,27316,SM,39469.0,TRUMAN BANK,282338,245716,FAILURE,ST. LOUIS, MO,2012,9,2012Q3
77,35246,NM,65213.0,FIRST COMMERCIAL BANK,215867,206809,FAILURE,BLOOMINGTON, MN,2012,9,2012Q3
78,28243,SI,23518.0,WAUKEGAN SAVINGS BANK,83679,73001,FAILURE,WAUKEGAN, IL,2012,8,2012Q3
79,16240,NM,49400.0,JASPER BANKING COMPANY,206672,204238,FAILURE,JASPER, GA,2012,7,2012Q3
80,1361,NM,425.0,HEARTLAND BANK,96002,89723,FAILURE,LEAWOOD, KS,2012,7,2012Q3
81,27986,SB,86252.0,SECOND FEDERAL SAVINGS AND LOAN ASSOCIATION OF CHICAGO,190891,171627,FAILURE,CHICAGO, IL,2012,7,2012Q3
82,32711,NM,36215.0,FIRST CHEROKEE STATE BANK,209021,182114,FAILURE,WOODSTOCK, GA,2012,7,2012Q3
83,57096,NM,16848.0,THE ROYAL PALM BANK OF FLORIDA,78771,78876,FAILURE,NAPLES, FL,2012,7,2012Q3
84,57847,NM,25335.0,GEORGIA TRUST BANK,116890,114748,FAILURE,BUFORD, GA,2012,7,2012Q3
85,1056,NM,1396.0,GLASGOW SAVINGS BANK,22341,21809,FAILURE,GLASGOW, MO,2012,7,2012Q3
86,19498,NM,67622.0,MONTGOMERY BANK & TRUST,153208,164181,FAILURE,AILEY, GA,2012,7,2012Q3
87,1690,NM,33106.0,THE FARMERS BANK OF LYNCHBURG,163859,156402,FAILURE,LYNCHBURG, TN,2012,6,2012Q2
88,27405,NM,28751.0,PUTNAM STATE BANK,169489,160024,FAILURE,PALATKA, FL,2012,6,2012Q2
89,35299,NM,44760.0,SECURITY EXCHANGE BANK,150962,147896,FAILURE,MARIETTA, GA,2012,6,2012Q2
90,416,NM,8725.0,FIRST CAPITAL BANK,44448,44828,FAILURE,KINGFISHER, OK,2012,6,2012Q2
91,9257,NM,10243.0,FARMERS' AND TRADERS' STATE BANK,43077,42302,FAILURE,SHABBONA, IL,2012,6,2012Q2
92,34515,SM,25064.0,WACCAMAW BANK,533114,472704,FAILURE,WHITEVILLE, NC,2012,6,2012Q2
93,35372,SB,18049.0,CAROLINA FEDERAL SAVINGS BANK,54373,53082,FAILURE,CHARLESTON, SC,2012,6,2012Q2
94,35224,N,10672.0,"ALABAMA TRUST BANK, NATIONAL ASSOCIATION",51553,45149,FAILURE,SYLACAUGA, AL,2012,5,2012Q2
95,23156,N,15098.0,"SECURITY BANK, NATIONAL ASSOCIATION",101026,99067,FAILURE,NORTH LAUDERDALE, FL,2012,5,2012Q2
96,23632,N,26331.0,PALM DESERT NATIONAL BANK,129253,129023,FAILURE,PALM DESERT, CA,2012,4,2012Q2
97,26759,SM,59434.0,BANK OF THE EASTERN SHORE,162460,150951,FAILURE,CAMBRIDGE, MD,2012,4,2012Q2
98,31495,SB,79681.0,"INTER SAVINGS BANK, FSB D/B/A/ INTERBANK, FSB",463840,458053,FAILURE,MAPLE GROVE, MN,2012,4,2012Q2
99,32503,SB,83230.0,PLANTATION FEDERAL BANK,433512,415943,FAILURE,PAWLEYS ISLAND, SC,2012,4,2012Q2
100,57766,NM,26694.0,HARVEST BANK OF MARYLAND,163019,145534,FAILURE,GAITHERSBURG, MD,2012,4,2012Q2
101,35527,SB,12267.0,"FORT LEE FEDERAL SAVINGS BANK, FSB",48861,47786,FAILURE,FORT LEE, NJ,2012,4,2012Q2
102,33883,NM,97229.0,FIDELITY BANK,818237,747640,FAILURE,DEARBORN, MI,2012,3,2012Q1
103,35419,NM,70104.0,PREMIER BANK,268703,198953,FAILURE,WILMETTE, IL,2012,3,2012Q1
104,58068,NM,30638.0,CONVENANT BANK & TRUST,95725,90632,FAILURE,ROCK SPRING, GA,2012,3,2012Q1
105,57597,NM,17166.0,NEW CITY BANK,71202,72399,FAILURE,CHICAGO, IL,2012,3,2012Q1
106,34046,NM,40922.0,GLOBAL COMMERCE BANK,143678,116813,FAILURE,DORAVILLE, GA,2012,3,2012Q1
107,5687,NM,52612.0,CENTRAL BANK OF GEORGIA,278860,266589,FAILURE,ELLAVILLE, GA,2012,2,2012Q1
108,29178,SB,55691.0,HOME SAVINGS OF AMERICA,434111,432223,FAILURE,LITTLE FALLS, MN,2012,2,2012Q1
109,23187,N,18454.0,CHARTER NATIONAL BANK AND TRUST,93894,89485,FAILURE,HOFFMAN ESTATES, IL,2012,2,2012Q1
110,29761,SB,38826.0,SCB BANK,182561,171365,FAILURE,SHELBYVILLE, IN,2012,2,2012Q1
111,16579,NM,54383.0,FIRST GUARANTY BANK AND TRUST COMPANY OF JACKSONVILLE,397082,378309,FAILURE,JACKSONVILLE, FL,2012,1,2012Q1
112,19869,SM,74064.0,BANKEAST,261947,259571,FAILURE,KNOXVILLE, TN,2012,1,2012Q1
113,34823,NM,35346.0,PATRIOT BANK MINNESOTA,105029,102833,FAILURE,FOREST LAKE, MN,2012,1,2012Q1
114,35296,NM,353825.0,TENNESSEE COMMERCE BANK,1009154,1037716,FAILURE,FRANKLIN, TN,2012,1,2012Q1
115,19252,NM,194067.0,THE FIRST STATE BANK,516760,509065,FAILURE,STOCKBRIDGE, GA,2012,1,2012Q1
116,31581,SB,4671.0,AMERICAN EAGLE SAVINGS BANK,19259,17548,FAILURE,BOOTHWYN, PA,2012,1,2012Q1
117,57186,NM,13697.0,CENTRAL FLORIDA STATE BANK,71485,71080,FAILURE,BELLEVIEW, FL,2012,1,2012Q1
118,57917,N,41735.0,WESTERN NATIONAL BANK,162872,144491,FAILURE,PHOENIX, AZ,2011,12,2011Q4
119,58343,NM,25065.0,PREMIER COMMUNITY BANK OF THE EMERALD COAST,125976,112050,FAILURE,CRESTVIEW, FL,2011,12,2011Q4
120,14194,NM,16053.0,POLK COUNTY BANK,91580,81967,FAILURE,JOHNSTON, IA,2011,11,2011Q4
121,19657,NM,48824.0,CENTRAL PROGRESSIVE BANK,383132,347720,FAILURE,LACOMBE, LA,2011,11,2011Q4
122,57860,NM,20773.0,COMMUNITY BANK OF ROCKMART,62383,55906,FAILURE,ROCKMART, GA,2011,11,2011Q4
123,19397,NM,10944.0,"MID CITY BANK, INC.",106075,105461,FAILURE,OMAHA, NE,2011,11,2011Q4
124,57087,NM,43575.0,SUNFIRST BANK,198081,169135,FAILURE,SAINT GEORGE, UT,2011,11,2011Q4
125,57759,NM,13753.0,ALL AMERICAN BANK,34800,30542,FAILURE,DES PLAINES, IL,2011,10,2011Q4
126,21132,SM,169715.0,COMMUNITY BANKS OF COLORADO,1280964,1239630,FAILURE,GREENWOOD VILLAGE, CO,2011,10,2011Q4
127,34392,NM,24568.0,DECATUR FIRST BANK,184750,172042,FAILURE,DECATUR, GA,2011,10,2011Q4
128,57036,NM,64965.0,COMMUNITY CAPITAL BANK,165291,157808,FAILURE,JONESBORO, GA,2011,10,2011Q4
129,57537,NM,26664.0,OLD HARBOR BANK,209048,212184,FAILURE,CLEARWATER, FL,2011,10,2011Q4
130,32347,SI,44112.0,"BLUE RIDGE SAVINGS BANK, INC.",161430,159628,FAILURE,ASHEVILLE, NC,2011,10,2011Q4
131,35395,NM,70391.0,COUNTRY BANK,195034,180835,FAILURE,ALEDO, IL,2011,10,2011Q4
132,57256,NM,88194.0,PIEDMONT COMMUNITY BANK,198993,178773,FAILURE,GRAY, GA,2011,10,2011Q4
133,58046,NM,45629.0,FIRST STATE BANK,191852,188099,FAILURE,CRANFORD, NJ,2011,10,2011Q4
134,10216,NM,71176.0,THE RIVERBANK,419723,384120,FAILURE,WYOMING, MN,2011,10,2011Q4
135,20115,NM,93109.0,SUN SECURITY BANK,351492,280649,FAILURE,ELLINGTON, MO,2011,10,2011Q4
136,33513,NM,58022.0,FIRST INTERNATIONAL BANK,239916,208775,FAILURE,PLANO, TX,2011,9,2011Q3
137,20408,SM,241002.0,BANK OF THE COMMONWEALTH,985096,901845,FAILURE,NORFOLK, VA,2011,9,2011Q3
138,33983,NM,40895.0,CITIZENS BANK OF NORTHERN CALIFORNIA,288765,253079,FAILURE,NEVADA CITY, CA,2011,9,2011Q3
139,25155,N,75749.0,THE FIRST NATIONAL BANK OF FLORIDA,296841,280095,FAILURE,MILTON, FL,2011,9,2011Q3
140,58226,NM,33845.0,CREEKSIDE BANK,102338,96583,FAILURE,WOODSTOCK, GA,2011,9,2011Q3
141,58273,NM,54248.0,PATRIOT BANK OF GEORGIA,150751,140612,FAILURE,CUMMING, GA,2011,9,2011Q3
142,35356,SB,185701.0,LYDIAN PRIVATE BANK,1700117,1253835,FAILURE,PALM BEACH, FL,2011,8,2011Q3
143,57212,NM,34064.0,FIRST CHOICE BANK,141016,137215,FAILURE,GENEVA, IL,2011,8,2011Q3
144,57239,N,22171.0,FIRST SOUTHERN NATIONAL BANK,164599,159673,FAILURE,STATESBORO, GA,2011,8,2011Q3
145,34130,SI,15828.0,PUBLIC SAVINGS BANK,46818,45770,FAILURE,HUNTINGDON VALLEY, PA,2011,8,2011Q3
146,4744,N,103328.0,THE FIRST NATIONAL BANK OF OLATHE,538091,524290,FAILURE,OLATHE, KS,2011,8,2011Q3
147,22528,SM,102319.0,BANK OF WHITMAN,548570,515732,FAILURE,COLFAX, WA,2011,8,2011Q3
148,22637,NM,29378.0,BANK OF SHOREWOOD,110723,104021,FAILURE,SHOREWOOD, IL,2011,8,2011Q3
149,4392,N,86201.0,INTEGRA BANK NATIONAL ASSOCIATION,1994430,1693592,FAILURE,EVANSVILLE, IN,2011,7,2011Q3
150,58222,N,49181.0,"BANKMERIDIAN, N.A.",232648,209737,FAILURE,COLUMBIA, SC,2011,7,2011Q3
151,58283,SM,19851.0,VIRGINIA BUSINESS BANK,83493,72955,FAILURE,RICHMOND, VA,2011,7,2011Q3
152,2994,NM,136515.0,BANK OF CHOICE,954106,818670,FAILURE,GREELEY, CO,2011,7,2011Q3
153,35244,SM,37389.0,LANDMARK BANK OF FLORIDA,266482,244362,FAILURE,SARASOTA, FL,2011,7,2011Q3
154,58056,NM,11403.0,SOUTHSHORE COMMUNITY BANK,41252,41434,FAILURE,APOLLO BEACH, FL,2011,7,2011Q3
155,19554,NM,71073.0,HIGH TRUST BANK,180340,177221,FAILURE,STOCKBRIDGE, GA,2011,7,2011Q3
156,34870,NM,13110.0,FIRST PEOPLES BANK,225035,207621,FAILURE,PORT SAINT LUCIE, FL,2011,7,2011Q3
157,57442,NM,14868.0,SUMMIT BANK,73066,67471,FAILURE,PRESCOTT, AZ,2011,7,2011Q3
158,58238,NM,41271.0,ONE GEORGIA BANK,177715,158123,FAILURE,ATLANTA, GA,2011,7,2011Q3
159,27935,SM,193838.0,FIRST CHICAGO BANK & TRUST,896864,830530,FAILURE,CHICAGO, IL,2011,7,2011Q3
160,34522,NM,254944.0,COLORADO CAPITAL BANK,665806,635202,FAILURE,CASTLE ROCK, CO,2011,7,2011Q3
161,57835,NM,23311.0,SIGNATURE  BANK,62518,60349,FAILURE,WINDSOR, CO,2011,7,2011Q3
162,57593,NM,34480.0,MOUNTAIN HERITAGE BANK,103716,89554,FAILURE,CLAYTON, GA,2011,6,2011Q2
163,19237,NM,76056.0,MCINTOSH STATE BANK,339929,324403,FAILURE,JACKSON, GA,2011,6,2011Q2
164,27583,NM,33477.0,FIRST COMMERCIAL BANK OF TAMPA BAY,98624,92641,FAILURE,TAMPA, FL,2011,6,2011Q2
165,58420,SB,31834.0,ATLANTIC BANK AND TRUST,208204,191614,FAILURE,CHARLESTON, SC,2011,6,2011Q2
166,23626,NM,33596.0,FIRST HERITAGE BANK,173478,163303,FAILURE,SNOHOMISH, WA,2011,5,2011Q2
167,513,NM,24195.0,SUMMIT BANK,142729,131631,FAILURE,BURLINGTON, WA,2011,5,2011Q2
168,57213,NM,280971.0,ATLANTIC SOUTHERN BANK,741855,707643,FAILURE,MACON, GA,2011,5,2011Q2
169,57647,NM,135351.0,FIRST GEORGIA BANKING COMPANY,730981,702231,FAILURE,FRANKLIN, GA,2011,5,2011Q2
170,34898,SB,18527.0,COASTAL BANK,129429,123950,FAILURE,COCOA BEACH, FL,2011,5,2011Q2
171,19797,SM,233648.0,THE PARK AVENUE BANK,849409,724483,FAILURE,VALDOSTA, GA,2011,4,2011Q2
172,26297,N,42899.0,FIRST NATIONAL BANK OF CENTRAL FLORIDA,342079,308784,FAILURE,WINTER PARK, FL,2011,4,2011Q2
173,34234,NM,98636.0,COMMUNITY CENTRAL BANK,451683,371494,FAILURE,MOUNT CLEMENS, MI,2011,4,2011Q2
174,57625,NM,17194.0,CORTEZ COMMUNITY  BANK,66282,65439,FAILURE,BROOKSVILLE, FL,2011,4,2011Q2
175,58539,NM,105180.0,FIRST CHOICE COMMUNITY BANK,291196,294769,FAILURE,DALLAS, GA,2011,4,2011Q2
176,14273,NM,38384.0,HERITAGE BANKING GROUP,228328,205035,FAILURE,CARTHAGE, MS,2011,4,2011Q2
177,17750,SB,321635.0,SUPERIOR BANK,2977290,2736201,FAILURE,BIRMINGHAM, AL,2011,4,2011Q2
178,19794,NM,182002.0,NEXITY BANK,757574,611681,FAILURE,BIRMINGHAM, AL,2011,4,2011Q2
179,21495,NM,83462.0,BARTOW COUNTY BANK,314019,290005,FAILURE,CARTERSVILLE, GA,2011,4,2011Q2
180,24099,N,5398.0,ROSEMOUNT NATIONAL BANK,21454,20980,FAILURE,ROSEMOUNT, MN,2011,4,2011Q2
181,57705,NM,34708.0,NEW HORIZONS BANK,103055,99022,FAILURE,EAST ELLIJAY, GA,2011,4,2011Q2
182,10086,N,38047.0,WESTERN SPRINGS NATIONAL BANK AND TRUST,186677,182441,FAILURE,WESTERN SPRINGS, IL,2011,4,2011Q2
183,35418,NM,38770.0,NEVADA COMMERCE BANK,135064,128573,FAILURE,LAS VEGAS, NV,2011,4,2011Q2
184,34292,NM,44142.0,THE BANK OF COMMERCE,163074,161379,FAILURE,WOOD DALE, IL,2011,3,2011Q1
185,4077,N,30897.0,THE FIRST NATIONAL BANK OF DAVIS,90183,68331,FAILURE,DAVIS, OK,2011,3,2011Q1
186,34818,SM,74496.0,LEGACY BANK,190418,183309,FAILURE,MILWAUKEE, WI,2011,3,2011Q1
187,34187,NM,28270.0,VALLEY COMMUNITY BANK,123774,124179,FAILURE,ST. CHARLES, IL,2011,2,2011Q1
188,151,NM,119370.0,HABERSHAM BANK,387681,339934,FAILURE,CLARKESVILLE, GA,2011,2,2011Q1
189,34601,NM,48229.0,CITIZENS BANK OF EFFINGHAM,214275,206490,FAILURE,SPRINGFIELD, GA,2011,2,2011Q1
190,34783,SB,72906.0,"SAN LUIS TRUST BANK, FSB",332596,272216,FAILURE,SAN LUIS OBISPO, CA,2011,2,2011Q1
191,57855,NM,20442.0,CHARTER OAK BANK,120833,105309,FAILURE,NAPA, CA,2011,2,2011Q1
192,13272,NM,19454.0,BADGER STATE BANK,83828,78549,FAILURE,CASSVILLE, WI,2011,2,2011Q1
193,14939,NM,103057.0,PEOPLES STATE BANK,390524,389868,FAILURE,HAMTRAMCK, MI,2011,2,2011Q1
194,34692,N,15617.0,CANYON NATIONAL BANK,210859,205285,FAILURE,PALM SPRINGS, CA,2011,2,2011Q1
195,35478,NM,32294.0,SUNSHINE STATE COMMUNITY BANK,125531,116715,FAILURE,PORT ORANGE, FL,2011,2,2011Q1
196,35242,NM,48161.0,NORTH GEORGIA BANK,153172,139672,FAILURE,WATKINSVILLE, GA,2011,2,2011Q1
197,57432,NM,69781.0,AMERICAN TRUST BANK,238205,222161,FAILURE,ROSWELL, GA,2011,2,2011Q1
198,57948,SM,10213.0,COMMUNITY FIRST BANK - CHICAGO,51083,49504,FAILURE,CHICAGO, IL,2011,2,2011Q1
199,2303,NM,33590.0,THE FIRST STATE BANK,44546,41204,FAILURE,CAMARGO, OK,2011,1,2011Q1
200,5328,NM,28060.0,EVERGREEN STATE BANK,240949,193694,FAILURE,STOUGHTON, WI,2011,1,2011Q1
201,12261,SM,232699.0,FIRST COMMUNITY BANK,2188154,1847851,FAILURE,TAOS, NM,2011,1,2011Q1
202,57646,NM,236534.0,FIRSTIER BANK,764090,718797,FAILURE,LOUISVILLE, CO,2011,1,2011Q1
203,19758,NM,44284.0,ENTERPRISE BANKING COMPANY,99461,94591,FAILURE,MCDONOUGH, GA,2011,1,2011Q1
204,31293,SA,162120.0,UNITED WESTERN BANK,2153690,1535194,FAILURE,DENVER, CO,2011,1,2011Q1
205,34516,NM,44350.0,THE BANK OF ASHEVILLE,204925,199394,FAILURE,ASHEVILLE, NC,2011,1,2011Q1
206,57868,NM,45189.0,COMMUNITYSOUTH BANK AND TRUST,340986,314250,FAILURE,EASLEY, SC,2011,1,2011Q1
207,57440,NM,84066.0,OGLETHORPE BANK,211149,201369,FAILURE,BRUNSWICK, GA,2011,1,2011Q1
208,34965,SM,88904.0,FIRST COMMERCIAL BANK OF FLORIDA,578638,537223,FAILURE,ORLANDO, FL,2011,1,2011Q1
209,57820,NM,32224.0,LEGACY BANK,136446,119685,FAILURE,SCOTTSDALE, AZ,2011,1,2011Q1
210,19040,N,29496.0,THE BANK OF MIAMI,448150,374218,FAILURE,CORAL GABLES, FL,2010,12,2010Q4
211,23306,N,5827.0,COMMUNITY NATIONAL BANK,31569,28844,FAILURE,LINO LAKES, MN,2010,12,2010Q4
212,34578,NM,83075.0,CHESTATEE STATE BANK,244376,240476,FAILURE,DAWSONVILLE, GA,2010,12,2010Q4
213,35065,N,96415.0,UNITED AMERICAS BANK,242339,193803,FAILURE,ATLANTA, GA,2010,12,2010Q4
214,58052,NM,24771.0,FIRST SOUTHERN BANK,191764,155803,FAILURE,BATESVILLE, AR,2010,12,2010Q4
215,58495,SB,28290.0,"APPALACIAN COMMUNITY BANK, F.S.B.",68201,76360,FAILURE,MCCAYSVILLE, GA,2010,12,2010Q4
216,34673,SM,68586.0,PARAMOUNT BANK,252744,213550,FAILURE,FARMINGTON HILLS, MI,2010,12,2010Q4
217,35561,NM,23227.0,EARTHSTAR BANK,112643,104505,FAILURE,SOUTHAMPTON, PA,2010,12,2010Q4
218,5287,SM,87273.0,FIRST BANKING CENTER,750724,664752,FAILURE,BURLINGTON, WI,2010,11,2010Q4
219,20340,NM,44443.0,GULF STATE COMMUNITY BANK,112144,112193,FAILURE,CARRABELLE, FL,2010,11,2010Q4
220,35078,NM,12652.0,ALLEGIANCE BANK OF NORTH AMERICA,106595,91996,FAILURE,BALA CYNWYD, PA,2010,11,2010Q4
221,14580,NM,126901.0,DARBY BANK & TRUST COMPANY,654714,587626,FAILURE,VIDALIA, GA,2010,11,2010Q4
222,35463,NM,52798.0,COPPER STAR BANK,203955,190182,FAILURE,SCOTTSDALE, AZ,2010,11,2010Q4
223,57831,NM,21629.0,TIFTON BANKING COMPANY,143729,141573,FAILURE,TIFTON, GA,2010,11,2010Q4
224,31263,NM,137732.0,K BANK,538258,500056,FAILURE,RANDALLSTOWN, MD,2010,11,2010Q4
225,34411,SM,26754.0,PIERCE COMMERCIAL BANK,221082,193473,FAILURE,TACOMA, WA,2010,11,2010Q4
226,57885,NM,14264.0,FIRST VIETNAMESE AMERICAN BANK,48000,47012,FAILURE,WESTMINSTER, CA,2010,11,2010Q4
227,58087,NM,16943.0,WESTERN COMMERCIAL BANK,98635,101127,FAILURE,WOODLAND HILLS, CA,2010,11,2010Q4
228,2119,N,46897.0,THE FIRST NATIONAL BANK OF BARNESVILLE,126622,122880,FAILURE,BARNESVILLE, GA,2010,10,2010Q4
229,16089,N,44303.0,FIRST SUBURBAN NATIONAL BANK,143451,135475,FAILURE,MAYWOOD, IL,2010,10,2010Q4
230,22173,NM,275498.0,HILLCREST BANK,1583611,1488785,FAILURE,OVERLAND PARK, KS,2010,10,2010Q4
231,27573,NM,14461.0,FIRST BANK OF JACKSONVILLE,73922,72198,FAILURE,JACKSONVILLE, FL,2010,10,2010Q4
232,32251,SM,34562.0,PROGRESS BANK OF FLORIDA,94823,86861,FAILURE,TAMPA, FL,2010,10,2010Q4
233,32582,SB,28606.0,"FIRST ARIZONA SAVINGS, A FSB",255920,190615,FAILURE,SCOTTSDALE, AZ,2010,10,2010Q4
234,33904,NM,10627.0,THE GORDON BANK,29259,26867,FAILURE,GORDON, GA,2010,10,2010Q4
235,30898,SB,53770.0,"SECURITY SAVINGS BANK, F.S.B.",453349,347080,FAILURE,OLATHE, KS,2010,10,2010Q4
236,34016,NM,310175.0,PREMIER BANK,989382,869367,FAILURE,JEFFERSON CITY, MO,2010,10,2010Q4
237,58205,NM,22436.0,WESTBRIDGE BANK AND TRUST COMPANY,87782,70131,FAILURE,CHESTERFIELD, MO,2010,10,2010Q4
238,21777,NM,120794.0,WAKULLA BANK,402205,367228,FAILURE,CRAWFORDVILLE, FL,2010,10,2010Q4
239,35250,NM,23798.0,SHORELINE BANK,92980,90644,FAILURE,SHORELINE, WA,2010,10,2010Q4
240,35053,NM,70800.0,NORTH COUNTY BANK,288776,276081,FAILURE,ARLINGTON, WA,2010,9,2010Q3
241,58308,NM,34827.0,HAVEN TRUST BANK FLORIDA,148575,133561,FAILURE,PONTE VEDRA BEACH, FL,2010,9,2010Q3
242,182,NM,101852.0,THE PEOPLES BANK,447185,398181,FAILURE,WINDER, GA,2010,9,2010Q3
243,27808,SI,17928.0,BRAMBLE SAVINGS BANK,47523,41551,FAILURE,MILFORD, OH,2010,9,2010Q3
244,28612,SA,89121.0,MARITIME SAVINGS BANK,350488,248134,FAILURE,WEST ALLIS, WI,2010,9,2010Q3
245,57107,NM,18856.0,ISN BANK,81564,79652,FAILURE,CHERRY HILL, NJ,2010,9,2010Q3
246,57448,NM,101039.0,FIRST COMMERCE COMMUNITY BANK,248151,242831,FAILURE,DOUGLASVILLE, GA,2010,9,2010Q3
247,58197,NM,79709.0,THE BANK OF ELLIJAY,168820,160718,FAILURE,ELLIJAY, GA,2010,9,2010Q3
248,35061,SM,61295.0,HORIZON BANK,187819,164594,FAILURE,BRADENTON, FL,2010,9,2010Q3
249,15640,NM,526148.0,SHOREBANK,2166431,1547403,FAILURE,CHICAGO, IL,2010,8,2010Q3
250,25266,N,9170.0,COMMUNITY NATIONAL BANK AT BARTOW,67918,63708,FAILURE,BARTOW, FL,2010,8,2010Q3
251,27090,SM,34038.0,PACIFIC STATE BANK,312077,278832,FAILURE,STOCKTON, CA,2010,8,2010Q3
252,27259,NM,10285.0,SONOMA VALLEY BANK,337113,255501,FAILURE,SONOMA, CA,2010,8,2010Q3
253,27344,N,11982.0,INDEPENDENT NATIONAL BANK,156218,141877,FAILURE,OCALA, FL,2010,8,2010Q3
254,31623,SA,4781.0,IMPERIAL SAVINGS AND LOAN ASSOCIATION,9448,10090,FAILURE,MARTINSVILLE, VA,2010,8,2010Q3
255,32165,SB,7966.0,LOS PADRES BANK,866459,770899,FAILURE,SOLVANG, CA,2010,8,2010Q3
256,33219,NM,1663.0,BUTTE COMMUNITY BANK,498751,471256,FAILURE,CHICO, CA,2010,8,2010Q3
257,17599,NM,67357.0,PALOS BANK AND TRUST COMPANY,493391,467784,FAILURE,PALOS HEIGHTS, IL,2010,8,2010Q3
258,34231,NM,68974.0,RAVENSWOOD BANK,264628,269448,FAILURE,CHICAGO, IL,2010,8,2010Q3
259,9619,NM,116866.0,COASTAL COMMUNITY BANK,377469,370016,FAILURE,PANAMA CITY BEACH, FL,2010,7,2010Q3
260,22643,NM,32586.0,THE COWLITZ BANK,489019,474742,FAILURE,LONGVIEW, WA,2010,7,2010Q3
261,31964,NM,52773.0,LIBERTYBANK,714574,692670,FAILURE,EUGENE, OR,2010,7,2010Q3
262,57658,NM,33627.0,NORTHWEST BANK & TRUST,160763,155531,FAILURE,ACWORTH, GA,2010,7,2010Q3
263,57669,SB,12479.0,BAYSIDE SAVINGS BANK,64344,52720,FAILURE,PORT SAINT JOE, FL,2010,7,2010Q3
264,10506,SM,6651.0,THUNDER BANK,28248,27048,FAILURE,SYLVAN GROVE, KS,2010,7,2010Q3
265,17837,N,2425.0,WILLIAMSBURG FIRST NATIONAL BANK,130411,126993,FAILURE,KINGSTREE, SC,2010,7,2010Q3
266,23181,SM,28068.0,HOME VALLEY BANK,250488,227935,FAILURE,CAVE JUNCTION, OR,2010,7,2010Q3
267,27559,NM,304615.0,CRESCENT BANK AND TRUST COMPANY,970235,932809,FAILURE,JASPER, GA,2010,7,2010Q3
268,32536,SM,41792.0,STERLING BANK,354966,329541,FAILURE,LANTANA, FL,2010,7,2010Q3
269,34486,NM,18495.0,COMMUNITY SECURITY BANK,100649,95100,FAILURE,NEW PRAGUE, MN,2010,7,2010Q3
270,35434,NM,86883.0,SOUTHWESTUSA BANK,203690,183985,FAILURE,LAS VEGAS, NV,2010,7,2010Q3
271,25172,SM,64179.0,METRO BANK OF DADE COUNTY,399441,375522,FAILURE,MIAMI, FL,2010,7,2010Q3
272,28136,SB,12789.0,"MAINSTREET SAVINGS BANK, FSB",96584,63291,FAILURE,HASTINGS, MI,2010,7,2010Q3
273,28864,SB,25533.0,OLDE CYPRESS COMMUNITY BANK,161355,157997,FAILURE,CLEWISTON, FL,2010,7,2010Q3
274,32280,SB,28658.0,TURNBERRY BANK,240251,179169,FAILURE,AVENTURA, FL,2010,7,2010Q3
275,32571,SB,107349.0,WOODLANDS BANK,382803,364808,FAILURE,BLUFFTON, SC,2010,7,2010Q3
276,35383,N,68515.0,FIRST NATIONAL BANK OF THE SOUTH,619374,550891,FAILURE,SPARTANBURG, SC,2010,7,2010Q3
277,11636,N,65822.0,HOME NATIONAL BANK,585445,514038,FAILURE,BLACKWELL, OK,2010,7,2010Q3
278,32456,SB,3897.0,IDEAL FEDERAL SAVINGS BANK,6177,5803,FAILURE,BALTIMORE, MD,2010,7,2010Q3
279,35462,N,21144.0,BAY NATIONAL BANK,217743,212612,FAILURE,BALTIMORE, MD,2010,7,2010Q3
280,58072,NM,63718.0,USA BANK,190678,188644,FAILURE,PORT CHESTER, NY,2010,7,2010Q3
281,26563,NM,184045.0,PENINSULA BANK,630179,580140,FAILURE,ENGLEWOOD, FL,2010,6,2010Q2
282,34152,N,79470.0,FIRST NATIONAL BANK,252520,231857,FAILURE,SAVANNAH, GA,2010,6,2010Q2
283,35279,NM,28392.0,HIGH DESERT STATE BANK,80343,80985,FAILURE,ALBUQUERQUE, NM,2010,6,2010Q2
284,57110,NM,70208.0,NEVADA SECURITY BANK,492491,479759,FAILURE,RENO, NV,2010,6,2010Q2
285,32955,NM,95151.0,WASHINGTON FIRST INTERNATIONAL BANK,520887,441362,FAILURE,SEATTLE, WA,2010,6,2010Q2
286,15814,N,18085.0,FIRST NATIONAL BANK,60449,63483,FAILURE,ROSEDALE, MS,2010,6,2010Q2
287,29341,SB,3541.0,TIERONE BANK,2824737,2185817,FAILURE,LINCOLN, NE,2010,6,2010Q2
288,31813,SI,11792.0,ARCOLA HOMESTEAD SAVINGS BANK,17028,18092,FAILURE,ARCOLA, IL,2010,6,2010Q2
289,34785,NM,115899.0,SUN WEST BANK,360662,353943,FAILURE,LAS VEGAS, NV,2010,5,2010Q2
290,35106,NM,87638.0,BANK OF FLORIDA - SOUTHWEST,640894,559897,FAILURE,NAPLES, FL,2010,5,2010Q2
291,57315,N,13175.0,"GRANITE COMMUNITY BANK, NATIONAL ASSOCIATION",102913,94252,FAILURE,GRANITE BAY, CA,2010,5,2010Q2
292,57360,NM,60470.0,BANK OF FLORIDA - SOUTHEAST,595318,531752,FAILURE,FORT LAUDERDALE, FL,2010,5,2010Q2
293,57814,NM,30582.0,BANK OF FLORIDA - TAMPA BAY,240513,224024,FAILURE,TAMPA BAY, FL,2010,5,2010Q2
294,57735,NM,8410.0,PINEHURST BANK,61215,58288,FAILURE,ST. PAUL, MN,2010,5,2010Q2
295,18117,SM,0.0,MIDWEST BANK AND TRUST COMPANY,3172915,2420738,FAILURE,ELMWOOD PARK, IL,2010,5,2010Q2
296,34255,NM,25580.0,SOUTHWEST COMMUNITY BANK,100659,102463,FAILURE,SPRINGFIELD, MO,2010,5,2010Q2
297,35114,NM,36464.0,SATILLA COMMUNITY BANK,135688,134005,FAILURE,SAINT MARYS, GA,2010,5,2010Q2
298,35586,NM,23766.0,NEW LIBERTY BANK,111239,101884,FAILURE,PLYMOUTH, MI,2010,5,2010Q2
299,14246,NM,66370.0,THE BANK OF BONIFAY,242871,230190,FAILURE,BONIFAY, FL,2010,5,2010Q2
300,16476,NM,7916.0,ACCESS BANK,31996,31969,FAILURE,CHAMPLIN, MN,2010,5,2010Q2
301,35517,SM,6965.0,1ST PACIFIC BANK OF CALIFORNIA,335798,291173,FAILURE,SAN DIEGO, CA,2010,5,2010Q2
302,57697,NM,44326.0,TOWNE BANK OF ARIZONA,120246,113243,FAILURE,MESA, AZ,2010,5,2010Q2
303,17792,N,8620.0,BC NATIONAL BANKS,52204,43635,FAILURE,BUTLER, MO,2010,4,2010Q2
304,22710,NM,456873.0,FRONTIER BANK,3250734,2846886,FAILURE,EVERETT, WA,2010,4,2010Q2
305,27150,NM,540572.0,EUROBANK,2453138,1861350,FAILURE,SAN JUAN, PR,2010,4,2010Q2
306,30005,SI,346143.0,CF BANCORP,1599122,1418445,FAILURE,PORT HURON, MI,2010,4,2010Q2
307,31027,NM,2179877.0,WESTERNBANK PUERTO RICO,10797345,8420357,FAILURE,MAYAGUEZ, PR,2010,4,2010Q2
308,32185,NM,1013646.0,R-G PREMIER BANK OF PUERTO RICO,5681177,4220108,FAILURE,HATO REY, PR,2010,4,2010Q2
309,58362,NM,57091.0,CHAMPION BANK,195510,162816,FAILURE,CREVE COEUR, MO,2010,4,2010Q2
310,3735,N,14133.0,"AMCORE BANK, NATIONAL ASSOCIATION",3066240,2743485,FAILURE,ROCKFORD, IL,2010,4,2010Q2
311,10888,NM,46091.0,PEOTONE BANK AND TRUST COMPANY,130165,124676,FAILURE,PEOTONE, IL,2010,4,2010Q2
312,22853,NM,378362.0,BROADWAY BANK,1059194,1023421,FAILURE,CHICAGO, IL,2010,4,2010Q2
313,30600,SI,38919.0,LINCOLN PARK SAVINGS BANK,194618,162627,FAILURE,CHICAGO, IL,2010,4,2010Q2
314,34658,NM,41941.0,CITIZENS BANK & TRUST COMPANY OF CHICAGO,73490,72772,FAILURE,CHICAGO, IL,2010,4,2010Q2
315,34821,NM,132282.0,NEW CENTURY BANK,447239,438999,FAILURE,CHICAGO, IL,2010,4,2010Q2
316,58429,NM,190526.0,WHEATLAND BANK,441694,448917,FAILURE,NAPERVILLE, IL,2010,4,2010Q2
317,21521,NM,156438.0,CITY BANK,981913,919606,FAILURE,LYNNWOOD, WA,2010,4,2010Q2
318,23876,NM,22715.0,INNOVATIVE BANK,266816,223164,FAILURE,OAKLAND, CA,2010,4,2010Q2
319,24067,N,2237.0,RIVERSIDE NATIONAL BANK OF FLORIDA,3393818,2724475,FAILURE,FORT PIERCE, FL,2010,4,2010Q2
320,26619,SI,18499.0,BUTLER BANK,245534,227420,FAILURE,LOWELL, MA,2010,4,2010Q2
321,28886,SB,11771.0,FIRST FEDERAL BANK OF NORTH FLORIDA,440122,369617,FAILURE,PALATKA, FL,2010,4,2010Q2
322,33493,NM,0.0,TAMALPAIS BANK,611504,457206,FAILURE,SAN RAFAEL, CA,2010,4,2010Q2
323,34878,NM,21429.0,LAKESIDE COMMUNITY BANK,49173,48622,FAILURE,STERLING HEIGHTS, MI,2010,4,2010Q2
324,57724,NM,16467.0,AMERICANFIRST BANK,104034,100070,FAILURE,CLERMONT, FL,2010,4,2010Q2
325,34242,N,164585.0,BEACH FIRST NATIONAL BANK,590024,521138,FAILURE,MYRTLE BEACH, SC,2010,4,2010Q2
326,34678,N,73589.0,UNITY NATIONAL BANK,300590,264286,FAILURE,CARTERSVILLE, GA,2010,3,2010Q1
327,34684,SB,16210.0,KEY WEST BANK,88031,67662,FAILURE,KEY WEST, FL,2010,3,2010Q1
328,57060,NM,109688.0,DESERT HILLS BANK,496552,426473,FAILURE,PHOENIX, AZ,2010,3,2010Q1
329,57399,NM,164026.0,MCINTOSH COMMERCIAL BANK,363405,343339,FAILURE,CARROLLTON, GA,2010,3,2010Q1
330,8221,NM,7026.0,STATE BANK OF AURORA,28159,27801,FAILURE,AURORA, MN,2010,3,2010Q1
331,10054,NM,107774.0,BANK OF HIAWASSEE,377779,339597,FAILURE,HIAWASSEE, GA,2010,3,2010Q1
332,18806,N,14960.0,AMERICAN NATIONAL BANK,70318,66752,FAILURE,PARMA, OH,2010,3,2010Q1
333,24957,NM,11725.0,FIRST LOWNDES BANK,137175,131117,FAILURE,FORT DEPOSIT, AL,2010,3,2010Q1
334,33535,NM,531079.0,ADVANTA BANK CORP.,1525931,1519471,FAILURE,DRAPER, UT,2010,3,2010Q1
335,33989,NM,457337.0,APPALACHIAN COMMUNITY BANK,1010075,917575,FAILURE,ELLIJAY, GA,2010,3,2010Q1
336,58104,NM,37707.0,CENTURY SECURITY BANK,96535,93967,FAILURE,DULUTH, GA,2010,3,2010Q1
337,27096,NM,76671.0,THE PARK AVENUE BANK,520146,494505,FAILURE,NEW YORK, NY,2010,3,2010Q1
338,29561,NM,26018.0,STATEWIDE BANK,243215,207821,FAILURE,COVINGTON, LA,2010,3,2010Q1
339,58182,SM,76501.0,OLD SOUTHERN BANK,336390,319746,FAILURE,ORLANDO, FL,2010,3,2010Q1
340,58071,NM,18737.0,LIBERTYPOINTE BANK,216500,209477,FAILURE,NEW YORK, NY,2010,3,2010Q1
341,9268,SM,18737.0,BANK OF ILLINOIS,211711,198487,FAILURE,NORMAL, IL,2010,3,2010Q1
342,27126,SM,122422.0,SUN AMERICAN BANK,535724,443481,FAILURE,BOCA RATON, FL,2010,3,2010Q1
343,34430,NM,71452.0,CENTENNIAL BANK,212839,205076,FAILURE,OGDEN, UT,2010,3,2010Q1
344,34976,SB,12466.0,WATERFIELD BANK,155566,156188,FAILURE,GERMANTOWN, MD,2010,3,2010Q1
345,38129,SI,2752.0,RAINIER PACIFIC BANK,717806,446192,FAILURE,TACOMA, WA,2010,2,2010Q1
346,58352,NM,14744.0,CARSON RIVER COMMUNITY BANK,51095,50024,FAILURE,CARSON CITY, NV,2010,2,2010Q1
347,3287,N,5709.0,THE LA COSTE NATIONAL BANK,53936,49275,FAILURE,LA COSTE, TX,2010,2,2010Q1
348,29952,SI,119100.0,GEORGE WASHINGTON SAVINGS BANK,413673,395310,FAILURE,ORLAND PARK, IL,2010,2,2010Q1
349,32423,SB,564086.0,"LA JOLLA BANK, FSB",3646071,2799362,FAILURE,LA JOLLA, CA,2010,2,2010Q1
350,57586,SM,25614.0,MARCO COMMUNITY BANK,119578,117097,FAILURE,MARCO ISLAND, FL,2010,2,2010Q1
351,15448,NM,4521.0,1ST AMERICAN STATE BANK OF MINNESOTA,18155,16327,FAILURE,HANCOCK, MN,2010,2,2010Q1
352,5672,NM,309793.0,FLORIDA COMMUNITY BANK,835701,776556,FAILURE,IMMOKALEE, FL,2010,1,2010Q1
353,5702,NM,478594.0,COMMUNITY BANK & TRUST,1181717,1067957,FAILURE,CORNELIA, GA,2010,1,2010Q1
354,16133,N,1168.0,"MARSHALL BANK, NATIONAL ASSOCIATION",58566,55662,FAILURE,HALLOCK, MN,2010,1,2010Q1
355,16480,N,203881.0,FIRST NATIONAL BANK OF GEORGIA,840633,780196,FAILURE,CARROLLTON, GA,2010,1,2010Q1
356,16730,NM,28352.0,AMERICAN MARINE BANK,329246,287443,FAILURE,BAINBRIDGE ISLAND, WA,2010,1,2010Q1
357,23011,NM,222981.0,FIRST REGIONAL BANK,2082684,1664450,FAILURE,LOS ANGELES, CA,2010,1,2010Q1
358,8265,NM,7182.0,BANK OF LEETON,20128,20335,FAILURE,LEETON, MO,2010,1,2010Q1
359,20501,NM,43422.0,EVERGREEN BANK,395980,340378,FAILURE,SEATTLE, WA,2010,1,2010Q1
360,22469,NM,54899.0,COLUMBIA RIVER BANK,955112,908132,FAILURE,THE DALLES, OR,2010,1,2010Q1
361,32498,SB,127197.0,CHARTER BANK,1201922,859933,FAILURE,SANTA FE, NM,2010,1,2010Q1
362,57147,NM,84454.0,PREMIER AMERICAN BANK,299225,285554,FAILURE,MIAMI, FL,2010,1,2010Q1
363,1252,SM,109825.0,BARNES BANKING COMPANY,709171,697109,FAILURE,KAYSVILLE, UT,2010,1,2010Q1
364,17522,NM,7707.0,ST. STEPHEN STATE BANK,22895,23912,FAILURE,ST. STEPHEN, MN,2010,1,2010Q1
365,34705,NM,23443.0,TOWN COMMUNITY BANK AND TRUST,70758,68323,FAILURE,ANTIOCH, IL,2010,1,2010Q1
366,22977,NM,205885.0,HORIZON BANK,1188956,1049063,FAILURE,BELLINGHAM, WA,2010,1,2010Q1
367,1006,NM,69480.0,CITIZENS STATE BANK,168551,157149,FAILURE,NEW BALTIMORE, MI,2009,12,2009Q4
368,26348,NM,273866.0,IMPERIAL CAPITAL BANK,4046888,2822300,FAILURE,LA JOLLA, CA,2009,12,2009Q4
369,26820,SM,0.0,INDEPENDENT BANKERS' BANK,585508,511473,FAILURE,SPRINGFIELD, IL,2009,12,2009Q4
370,28536,SB,0.0,"FIRST FEDERAL BANK OF CALIFORNIA,  A FEDERAL SAVINGS BANK",6143903,4538607,FAILURE,SANTA MONICA, CA,2009,12,2009Q4
371,32167,SB,597058.0,PEOPLES FIRST COMMUNITY BANK,1795420,1684443,FAILURE,PANAMA CITY, FL,2009,12,2009Q4
372,32276,SB,312304.0,NEW SOUTH FEDERAL SAVINGS BANK,1464127,1163916,FAILURE,IRONDALE, AL,2009,12,2009Q4
373,58315,NM,99727.0,ROCKBRIDGE COMMERCIAL BANK,294024,291707,FAILURE,ATLANTA, GA,2009,12,2009Q4
374,4731,SM,93393.0,SOLUTIONSBANK,511103,421271,FAILURE,OVERLAND PARK, KS,2009,12,2009Q4
375,22846,N,79208.0,"REPUBLIC FEDERAL BANK, N.A.",433011,352695,FAILURE,MIAMI, FL,2009,12,2009Q4
376,58399,N,15047.0,"VALLEY CAPITAL BANK, N.A.",40270,41312,FAILURE,MESA, AZ,2009,12,2009Q4
377,10440,NM,79321.0,BENCHMARK BANK,173062,182760,FAILURE,AURORA, IL,2009,12,2009Q4
378,12080,NM,14705.0,THE TATNALL BANK,49612,47100,FAILURE,REIDSVILLE, GA,2009,12,2009Q4
379,26290,N,34282.0,FIRST SECURITY NATIONAL BANK,127455,121645,FAILURE,NORCROSS, GA,2009,12,2009Q4
380,29776,SB,1701764.0,AMTRUST BANK,11438990,8558609,FAILURE,CLEVELAND, OH,2009,12,2009Q4
381,32583,SB,27059.0,GREATER ATLANTIC BANK,203262,179248,FAILURE,RESTON, VA,2009,12,2009Q4
382,34663,NM,310915.0,THE BUCKHEAD COMMUNITY BANK,856236,813668,FAILURE,ATLANTA, GA,2009,12,2009Q4
383,58016,NM,32236.0,COMMERCE BANK OF SOUTHWEST FLORIDA,70997,72821,FAILURE,FORT MYERS, FL,2009,11,2009Q4
384,22427,SM,714661.0,ORION BANK,2612515,2169446,FAILURE,NAPLES, FL,2009,11,2009Q4
385,32267,SB,307092.0,"CENTURY BANK, A FEDERAL SAVINGS BANK",755923,659742,FAILURE,SARASOTA, FL,2009,11,2009Q4
386,57914,N,33470.0,PACIFIC COAST NATIONAL BANK,131418,128867,FAILURE,SAN CLEMENTE, CA,2009,11,2009Q4
387,19450,NM,11648.0,GATEWAY BANK OF ST LOUIS,26882,27534,FAILURE,ST LOUIS, MO,2009,11,2009Q4
388,22286,NM,61234.0,UNITED SECURITY BANK,153639,149616,FAILURE,SPARTA, GA,2009,11,2009Q4
389,30329,SB,8612.0,HOME FEDERAL SAVINGS BANK,12994,12730,FAILURE,DETROIT, MI,2009,11,2009Q4
390,32469,NM,581259.0,UNITED COMMERCIAL BANK,10895336,7653666,FAILURE,SAN FRANCISCO, CA,2009,11,2009Q4
391,35074,NM,32011.0,PROSPERAN BANK,197442,182794,FAILURE,OAKDALE, MN,2009,11,2009Q4
392,11677,N,3090.0,PARK NATIONAL BANK,4680881,3716626,FAILURE,CHICAGO, IL,2009,10,2009Q4
393,18776,NM,12061.0,NORTH HOUSTON BANK,325474,307166,FAILURE,HOUSTON, TX,2009,10,2009Q4
394,23594,N,38121.0,SAN DIEGO NATIONAL BANK,3594544,2891576,FAILURE,SAN DIEGO, CA,2009,10,2009Q4
395,25222,N,5889.0,CITIZENS NATIONAL BANK,118236,97590,FAILURE,TEAGUE, TX,2009,10,2009Q4
396,30006,N,60144.0,PACIFIC NATIONAL BANK,2319263,1757986,FAILURE,SAN FRANCISCO, CA,2009,10,2009Q4
397,32218,N,11689.0,"BANK USA, NA",213205,170685,FAILURE,PHOENIX, AZ,2009,10,2009Q4
398,33782,NM,820.0,MADISONVILLE STATE BANK,256330,224653,FAILURE,MADISONVILLE, TX,2009,10,2009Q4
399,34659,N,184769.0,CALIFORNIA NATIONAL BANK,7781100,6145207,FAILURE,LOS ANGELES, CA,2009,10,2009Q4
400,35291,NM,25978.0,COMMUNITY BANK OF LEMONT,81843,80688,FAILURE,LEMONT, IL,2009,10,2009Q4
401,18321,SM,99463.0,BANK OF ELMWOOD,327444,272782,FAILURE,RACINE, WI,2009,10,2009Q4
402,35038,NM,85654.0,FIRST DUPAGE BANK,262093,253992,FAILURE,WESTMONT, IL,2009,10,2009Q4
403,35044,N,62112.0,FLAGSHIP NATIONAL BANK,177563,170118,FAILURE,BRADENTON, FL,2009,10,2009Q4
404,57525,NM,23476.0,RIVERVIEW COMMUNITY BANK,99057,75012,FAILURE,OSTEGO, MN,2009,10,2009Q4
405,57794,NM,44018.0,AMERICAN UNITED BANK,110094,102386,FAILURE,LAWRENCEVILLE, GA,2009,10,2009Q4
406,57959,SB,31809.0,PARTNERS BANK,65498,64798,FAILURE,NAPLES, FL,2009,10,2009Q4
407,58336,NM,43510.0,HILLCREST BANK FLORIDA,82774,83254,FAILURE,NAPLES, FL,2009,10,2009Q4
408,23266,SM,79367.0,SAN JOAQUIN BANK,766359,626359,FAILURE,BAKERSFIELD, CA,2009,10,2009Q4
409,11416,NM,18876.0,JENNINGS STATE BANK,52347,50801,FAILURE,SPRING GROVE, MN,2009,10,2009Q4
410,34824,SM,219829.0,WARREN BANK,504816,467767,FAILURE,WARREN, MI,2009,10,2009Q4
411,57263,N,8323.0,SOUTHERN COLORADO NATIONAL BANK,37142,29568,FAILURE,PUEBLO, CO,2009,10,2009Q4
412,57151,NM,961023.0,GEORGIAN BANK,2230230,1960123,FAILURE,ATLANTA, GA,2009,9,2009Q3
413,10100,SM,756998.0,IRWIN UNION BANK AND TRUST COMPANY,2839747,2254025,FAILURE,COLUMBUS, IN,2009,9,2009Q3
414,57068,SB,114625.0,"IRWIN UNION BANK, FSB",518151,462611,FAILURE,LOUISVILLE, KY,2009,9,2009Q3
415,13693,N,2324.0,"CORUS BANK, N.A.",7003321,7060693,FAILURE,CHICAGO, IL,2009,9,2009Q3
416,22868,NM,204168.0,VENTURE BANK,968385,917729,FAILURE,LACEY, WA,2009,9,2009Q3
417,57736,NM,24597.0,BRICKWELL COMMUNITY BANK,72576,64981,FAILURE,WOODBURY, MN,2009,9,2009Q3
418,20203,NM,56911.0,INBANK,209848,209211,FAILURE,OAK FOREST, IL,2009,9,2009Q3
419,25231,NM,7548.0,FIRST BANK OF KANSAS CITY,15723,14479,FAILURE,KANSAS CITY, MO,2009,9,2009Q3
420,27732,SB,102031.0,VANTUS BANK,503643,394369,FAILURE,SIOUX CITY, IA,2009,9,2009Q3
421,34875,NM,49833.0,FIRST STATE BANK,107235,95734,FAILURE,FLAGSTAFF, AZ,2009,9,2009Q3
422,35030,SB,0.0,PLATINUM COMMUNITY BANK,147961,110186,FAILURE,ROLLING MEADOWS, IL,2009,9,2009Q3
423,1909,NM,89930.0,MAINSTREET BANK,458533,432818,FAILURE,FOREST LAKE, MN,2009,8,2009Q3
424,27197,NM,234210.0,AFFINITY BANK,1211431,905593,FAILURE,VENTURA, CA,2009,8,2009Q3
425,28312,SB,47060.0,BRADFORD BANK,451888,382159,FAILURE,BALTIMORE, MD,2009,8,2009Q3
426,22130,SM,126332.0,CAPITALSOUTH BANK,586586,539422,FAILURE,BIRMINGHAM, AL,2009,8,2009Q3
427,32618,SB,0.0,GUARANTY BANK,13464352,11984112,FAILURE,AUSTIN, TX,2009,8,2009Q3
428,34682,SB,49961.0,EBANK,144688,131510,FAILURE,ATLANTA, GA,2009,8,2009Q3
429,57702,NM,66684.0,FIRST COWETA,163755,154903,FAILURE,NEWNAN, GA,2009,8,2009Q3
430,9609,NM,2449376.0,COLONIAL BANK,25455112,20072099,FAILURE,MONTGOMERY, AL,2009,8,2009Q3
431,31559,SA,8606.0,DWELLING HOUSE SAVINGS AND LOAN,12947,12984,FAILURE,PITTSBURGH, PA,2009,8,2009Q3
432,34043,SM,559883.0,COMMUNITY BANK OF NEVADA,1397798,1372744,FAILURE,LAS VEGAS, NV,2009,8,2009Q3
433,34485,N,52679.0,"UNION BANK, NATIONAL ASSOCIATION",119529,110362,FAILURE,GILBERT, AZ,2009,8,2009Q3
434,57645,NM,27116.0,COMMUNITY BANK OF ARIZONA,158517,143834,FAILURE,PHOENIX, AZ,2009,8,2009Q3
435,23268,SM,73567.0,COMMUNITY FIRST BANK,199508,180691,FAILURE,PRINEVILLE, OR,2009,8,2009Q3
436,27183,N,25378.0,COMMUNITY NATIONAL BANK OF SARASOTA COUNTY,92528,92352,FAILURE,VENICE, FL,2009,8,2009Q3
437,27364,NM,119480.0,FIRST STATE BANK,447667,394701,FAILURE,SARASOTA, FL,2009,8,2009Q3
438,9873,NM,26306.0,FIRST STATE BANK OF ALTUS,90867,98161,FAILURE,ALTUS, OK,2009,7,2009Q3
439,18659,NM,793841.0,MUTUAL BANK,1595657,1546525,FAILURE,HARVEY, IL,2009,7,2009Q3
440,32288,SB,61523.0,PEOPLES COMMUNITY BANK,606153,538787,FAILURE,WEST CHESTER, OH,2009,7,2009Q3
441,34270,NM,20240.0,FIRST BANKAMERICANO,163372,155463,FAILURE,ELIZABTH, NJ,2009,7,2009Q3
442,57604,NM,36819.0,INTEGRITY BANK,105298,98511,FAILURE,JUPITER, FL,2009,7,2009Q3
443,8486,NM,98201.0,SECURITY BANK OF JONES COUNTY,432712,375238,FAILURE,GRAY, GA,2009,7,2009Q3
444,27048,NM,50980.0,SECURITY BANK OF HOUSTON COUNTY,371624,313155,FAILURE,PERRY, GA,2009,7,2009Q3
445,27367,NM,414622.0,SECURITY BANK OF BIBB COUNTY,943744,831437,FAILURE,MACON, GA,2009,7,2009Q3
446,57105,NM,102031.0,SECURITY BANK OF NORTH METRO,184184,182413,FAILURE,WOODSTOCK, GA,2009,7,2009Q3
447,57346,NM,193409.0,SECURITY BANK OF GWINNETT COUNTY,259182,256578,FAILURE,SUWANNEE, GA,2009,7,2009Q3
448,57430,NM,49000.0,SECURITY BANK OF NORTH FULTON,190564,179523,FAILURE,ALPHARETTA, GA,2009,7,2009Q3
449,58065,NM,7875.0,WATERFORD VILLAGE BANK,55707,56145,FAILURE,WILLIAMSVILLE, NY,2009,7,2009Q3
450,23556,N,278591.0,"VINEYARD BANK, NATIONAL ASSOCIATION",1638378,1526186,FAILURE,RANCHO CUCAMONGA, CA,2009,7,2009Q3
451,34103,SM,110201.0,BANKFIRST,210844,232203,FAILURE,SIOUX FALLS, SD,2009,7,2009Q3
452,34341,NM,227400.0,TEMECULA VALLEY BANK,1396622,1276287,FAILURE,TEMECULA, CA,2009,7,2009Q3
453,34594,NM,37998.0,FIRST PIEDMONT BANK,114113,108499,FAILURE,WINDER, GA,2009,7,2009Q3
454,22754,NM,32543.0,BANK OF WYOMING,70188,66598,FAILURE,THERMOPOLIS, WY,2009,7,2009Q3
455,3644,N,24358.0,THE FIRST NATIONAL BANK OF DANVILLE,148218,140185,FAILURE,DANVILLE, IL,2009,7,2009Q3
456,9262,NM,9832.0,THE ELIZABETH STATE BANK,55027,48131,FAILURE,ELIZABETH, IL,2009,7,2009Q3
457,11710,NM,8115.0,THE FIRST STATE BANK OF WINCHESTER,30073,30806,FAILURE,WINCHESTER, IL,2009,7,2009Q3
458,12093,NM,14382.0,THE JOHN WARNER BANK,69609,65179,FAILURE,CLINTON, IL,2009,7,2009Q3
459,15302,NM,18558.0,ROCK RIVER BANK,74808,74896,FAILURE,OREGON, IL,2009,7,2009Q3
460,18390,NM,131356.0,FOUNDERS BANK,889172,832160,FAILURE,WORTH, IL,2009,7,2009Q3
461,57667,NM,52700.0,MILLENNIUM STATE BANK OF TEXAS,118601,115478,FAILURE,DALLAS, TX,2009,7,2009Q3
462,9744,NM,24010.0,HORIZON BANK,84763,69254,FAILURE,PINE CITY, MN,2009,6,2009Q2
463,35285,SM,80745.0,NEIGHBORHOOD COMMUNITY BANK,212616,190070,FAILURE,NEWNAN, GA,2009,6,2009Q2
464,57332,NM,45309.0,MIRAE BANK,480619,409951,FAILURE,LOS ANGELES, CA,2009,6,2009Q2
465,57436,SM,72697.0,COMMUNITY BANK OF WEST GEORGIA,201222,189398,FAILURE,VILLA RICA, GA,2009,6,2009Q2
466,57893,NM,32168.0,METROPACIFIC BANK,75316,70078,FAILURE,IRVINE, CA,2009,6,2009Q2
467,4614,N,33230.0,FIRST NATIONAL BANK OF ANTHONY,156954,142551,FAILURE,ANTHONY, KS,2009,6,2009Q2
468,27837,NM,287345.0,COOPERATIVE BANK,966778,768479,FAILURE,WILMINGTON, NC,2009,6,2009Q2
469,35251,NM,136636.0,SOUTHERN COMMUNITY BANK,371695,297962,FAILURE,FAYETTEVILLE, GA,2009,6,2009Q2
470,17309,NM,71401.0,BANK OF LINCOLNWOOD,212718,209285,FAILURE,LINCOLNWOOD, IL,2009,6,2009Q2
471,5757,N,36048.0,CITIZENS NATIONAL BANK,438560,393635,FAILURE,MACOMB, IL,2009,5,2009Q2
472,35175,NM,102978.0,STRATEGIC CAPITAL BANK,546576,479384,FAILURE,CHAMPAIGN, IL,2009,5,2009Q2
473,32247,SB,5229577.0,"BANKUNITED, FSB",13111463,8775985,FAILURE,CORAL GABLES, FL,2009,5,2009Q2
474,34843,NM,82015.0,WESTSOUND BANK,334608,304464,FAILURE,BREMERTON, WA,2009,5,2009Q2
475,26535,N,645168.0,"SILVERTON BANK, NATIONAL ASSOCIATION",4157246,3314928,FAILURE,ATLANTA, GA,2009,5,2009Q2
476,35461,NM,115131.0,AMERICA WEST BANK,281564,286040,FAILURE,LAYTON, UT,2009,5,2009Q2
477,57563,NM,18754.0,CITIZENS COMMUNITY BANK,40657,40664,FAILURE,RIDGEWOOD, NJ,2009,5,2009Q2
478,32069,NM,9183.0,FIRST BANK OF BEVERLY HILLS,1260354,866492,FAILURE,CALABASAS, CA,2009,4,2009Q2
479,34369,SM,49476.0,MICHIGAN HERITAGE BANK,167710,149065,FAILURE,FARMINGTON HILLS, MI,2009,4,2009Q2
480,34396,SB,110643.0,"FIRST BANK OF IDAHO, FSB",490656,370580,FAILURE,KETCHUM, ID,2009,4,2009Q2
481,57943,NM,33335.0,AMERICAN SOUTHERN BANK,105950,105940,FAILURE,KENNESAW, GA,2009,4,2009Q2
482,8266,SB,44669.0,AMERICAN STERLING BANK,166456,170946,FAILURE,SUGAR CREEK, MO,2009,4,2009Q2
483,33824,NM,20023.0,GREAT BASIN BANK OF NEVADA,238940,220834,FAILURE,ELKO, NV,2009,4,2009Q2
484,34639,NM,118565.0,CAPE FEAR BANK,492418,402820,FAILURE,WILMINGTON, NC,2009,4,2009Q2
485,34881,NM,914774.0,NEW FRONTIER BANK,1774588,1496347,FAILURE,GREELEY, CO,2009,4,2009Q2
486,22238,N,293292.0,OMNI NATIONAL BANK,979585,813205,FAILURE,ATLANTA, GA,2009,3,2009Q1
487,4754,N,134593.0,"TEAMBANK, N.A.",669830,532520,FAILURE,PAOLA, KS,2009,3,2009Q1
488,18243,NM,136348.0,FIRSTCITY BANK,285015,259056,FAILURE,STOCKBRIDGE, GA,2009,3,2009Q1
489,18896,N,12687.0,COLORADO NATIONAL BANK,123508,85150,FAILURE,COLORADO SPRINGS, CO,2009,3,2009Q1
490,57558,NM,43267.0,FREEDOM BANK OF GEORGIA,172454,159048,FAILURE,COMMERCE, GA,2009,3,2009Q1
491,20078,NM,48231.0,HERITAGE COMMUNITY BANK,235154,225735,FAILURE,GLENWOOD, IL,2009,2,2009Q1
492,34820,NM,32892.0,SECURITY SAVINGS BANK,238307,174872,FAILURE,HENDERSON, NV,2009,2,2009Q1
493,35399,NM,39861.0,SILVER FALLS BANK,134206,115976,FAILURE,SILVERTON, OR,2009,2,2009Q1
494,5431,NM,42684.0,SHERMAN COUNTY BANK,135431,90647,FAILURE,LOUP CITY, NE,2009,2,2009Q1
495,16500,NM,81223.0,CORN BELT BANK AND TRUST COMPANY,260201,233788,FAILURE,PITTSFIELD, IL,2009,2,2009Q1
496,34563,SM,201004.0,RIVERSIDE BANK OF THE GULF COAST,523673,422708,FAILURE,CAPE CORAL, FL,2009,2,2009Q1
497,57342,NM,10218.0,PINNACLE BANK,71921,64168,FAILURE,BEAVERTON, OR,2009,2,2009Q1
498,22574,SM,61783.0,COUNTY BANK,1711552,1324635,FAILURE,MERCED, CA,2009,2,2009Q1
499,23124,NM,118079.0,ALLIANCE BANK,1113361,951106,FAILURE,CULVER CITY, CA,2009,2,2009Q1
500,57017,NM,152053.0,FIRSTBANK FINANCIAL SERVICES,317237,279308,FAILURE,MCDONOUGH, GA,2009,2,2009Q1
501,26538,N,94457.0,OCALA NATIONAL BANK,219424,204663,FAILURE,OCALA, FL,2009,1,2009Q1
502,30763,SB,73819.0,SUBURBAN FEDERAL SAVINGS BANK,347408,301847,FAILURE,CROFTON, MD,2009,1,2009Q1
503,58001,NM,170819.0,MAGNET BANK,300674,282578,FAILURE,SALT LAKE CITY, UT,2009,1,2009Q1
504,33025,NM,137479.0,1ST CENTENNIAL BANK,797959,678570,FAILURE,REDLANDS, CA,2009,1,2009Q1
505,3510,N,0.0,BANK OF AMERICA N.A.,1471631047,954677580,ASSISTANCE,CHARLOTTE, NC,2009,1,2009Q1
506,19733,N,80488.0,NATIONAL BANK OF COMMERCE,419741,395868,FAILURE,BERKELEY, IL,2009,1,2009Q1
507,25178,N,0.0,BANK OF AMERICA CALIFORNIA N.A.,21502223,500,ASSISTANCE,SAN FRANCISCO, CA,2009,1,2009Q1
508,27374,NM,0.0,MERRILL LYNCH BANK USA,61809503,53620324,ASSISTANCE,SALT LAKE CITY, UT,2009,1,2009Q1
509,33143,SB,0.0,COUNTRYWIDE BANK FSB,117978966,43663251,ASSISTANCE,ALEXANDRIA, VA,2009,1,2009Q1
510,33318,N,0.0,FIA CARD SERVICES N.A.,159637136,9816599,ASSISTANCE,WILMINGTON, DE,2009,1,2009Q1
511,34571,SB,0.0,MERRILL LYNCH BANK & TRUST CO FSB,37986413,28539028,ASSISTANCE,NEW YORK, NY,2009,1,2009Q1
512,34959,NM,151728.0,BANK OF CLARK COUNTY,441085,377506,FAILURE,VANCOUVER, WA,2009,1,2009Q1
513,35453,N,0.0,BANK OF AMERICA OREGON N.A.,11526309,500,ASSISTANCE,PORTLAND, OR,2009,1,2009Q1
514,58032,N,0.0,BANK OF AMERICA RHODE ISLAND N.A.,35410586,500,ASSISTANCE,PROVIDENCE, RI,2009,1,2009Q1
515,11568,NM,7948.0,SANDERSON STATE BANK,38217,32012,FAILURE,SANDERSON, TX,2008,12,2008Q4
516,35379,NM,247790.0,HAVEN TRUST BANK,559551,489692,FAILURE,DULUTH, GA,2008,12,2008Q4
517,34301,SM,87084.0,FIRST GEORGIA COMMUNITY BANK,256371,215287,FAILURE,JACKSON, GA,2008,12,2008Q4
518,7213,N,0.0,"CITIBANK, NATIONAL ASSOCIATION",1207007000,230042000,ASSISTANCE,LAS VEGAS, NV,2008,11,2008Q4
519,18708,SB,0.0,"CITICORP TRUST BANK, FSB",19599414,7231013,ASSISTANCE,WILMINGTON, DE,2008,11,2008Q4
520,18923,NM,0.0,CITIBANK (BANAMEX USA),1322720,876086,ASSISTANCE,CENTURY CITY, CA,2008,11,2008Q4
521,23360,N,0.0,"CITIBANK (SOUTH DAKOTA), N.A.",77737957,42356986,ASSISTANCE,SIOUX FALLS, SD,2008,11,2008Q4
522,58180,N,0.0,DEPARTMENT STORES NATIONAL BANK,374903,300881,ASSISTANCE,SIOUX FALLS, SD,2008,11,2008Q4
523,16490,NM,336256.0,THE COMMUNITY BANK,634901,603733,FAILURE,LOGANVILLE, GA,2008,11,2008Q4
524,28344,SB,261643.0,PFF BANK & TRUST,3715433,2393845,FAILURE,POMONA, CA,2008,11,2008Q4
525,30968,SA,143272.0,"DOWNEY SAVINGS AND LOAN ASSOCIATION, F.A.",12779371,9653169,FAILURE,NEWPORT BEACH, CA,2008,11,2008Q4
526,23595,NM,149216.0,SECURITY PACIFIC BANK,527959,456472,FAILURE,SAN DIEGO, CA,2008,11,2008Q4
527,26870,SI,638296.0,"FRANKLIN BANK, SSB",5089260,3692887,FAILURE,HOUSTON, TX,2008,11,2008Q4
528,57930,NM,114003.0,FREEDOM BANK,270842,256793,FAILURE,BRADENTON, FL,2008,10,2008Q4
529,58241,NM,212150.0,ALPHA BANK & TRUST,354090,344231,FAILURE,ALPHARETTA, GA,2008,10,2008Q4
530,13789,NM,16618.0,MERIDIAN BANK,38223,36090,FAILURE,ELDRED, IL,2008,10,2008Q4
531,57654,NM,56318.0,MAIN STREET BANK,112368,98934,FAILURE,NORTHVILLE, MI,2008,10,2008Q4
532,32633,SB,0.0,WASHINGTON MUTUAL BANK,307021614,188260793,FAILURE,HENDERSON, NV,2008,9,2008Q3
533,6782,SB,38290.0,"AMERIBANK, INC.",103965,100901,FAILURE,NORTHFORK, WV,2008,9,2008Q3
534,34194,NM,724736.0,SILVER STATE BANK,1957120,1733091,FAILURE,HENDERSON, NV,2008,9,2008Q3
535,35469,NM,467818.0,INTEGRITY BANK,1107514,962456,FAILURE,ALPHARETTA, GA,2008,8,2008Q3
536,22728,NM,335559.0,THE COLUMBIAN BANK AND TRUST COMPANY,735071,620354,FAILURE,TOPEKA, KS,2008,8,2008Q3
537,57523,NM,95555.0,FIRST PRIORITY BANK,258610,226698,FAILURE,BRADENTON, FL,2008,8,2008Q3
538,27011,N,716853.0,FIRST NATIONAL BANK OF NEVADA,3411145,3038053,FAILURE,RENO, NV,2008,7,2008Q3
539,57961,N,92139.0,FIRST HERITAGE BANK N.A.,255376,234812,FAILURE,NEWPORT BEACH, CA,2008,7,2008Q3
540,29730,SA,12072214.0,INDYMAC BANK F.S.B,30698512,18941727,FAILURE,PASADENA, CA,2008,7,2008Q3
541,12736,N,10305.0,"FIRST INTEGRITY BANK, N.A.",52916,50178,FAILURE,STAPLES, MN,2008,5,2008Q2
542,33901,N,1026968.0,ANB FINANCIAL NATIONAL ASSOCIATION,1895545,1815691,FAILURE,BENTONVILLE, AR,2008,5,2008Q2
543,1971,NM,3889.0,HUME BANK,18682,13566,FAILURE,HUME, MO,2008,3,2008Q1
544,24660,N,7157.0,DOUGLASS NATIONAL BANK,52824,50250,FAILURE,KANSAS CITY, MO,2008,1,2008Q1
545,16848,NM,28394.0,MIAMI VALLEY BANK,125362,119601,FAILURE,LAKEVIEW, OH,2007,10,2007Q4
546,32575,SB,120702.0,NETBANK,2473806,2290046,FAILURE,ALPHARETTA, GA,2007,9,2007Q3
547,35353,SI,9438.0,METROPOLITAN SAVINGS BANK,15760,14540,FAILURE,PITTSBURGH, PA,2007,2,2007Q1
548,1249,SM,2998.0,BANK OF EPHRAIM,56774,52329,FAILURE,EPHRAIM, UT,2004,6,2004Q2
549,26778,NM,919.0,RELIANCE BANK,28637,27881,FAILURE,WHITE PLAINS, NY,2004,3,2004Q1
550,26838,N,0.0,GUARANTY NATIONAL BANK,71280,65614,FAILURE,TALLAHASSEE, FL,2004,3,2004Q1
551,31330,SB,0.0,DOLLAR SAVINGS BANK,13408,10909,FAILURE,NEWARK, NJ,2004,2,2004Q1
552,27203,SI,679.0,PULASKI SAVINGS BANK,8487,9058,FAILURE,PHILADELPHIA, PA,2003,11,2003Q4
553,11639,N,12788.0,THE FIRST NATIONAL BANK OF BLANCHARDVILLE,34536,28760,FAILURE,BLANCHARDVILLE, WI,2003,5,2003Q2
554,27094,NM,49179.0,SOUTHERN PACIFIC BANK,904294,864160,FAILURE,TORRANCE, CA,2003,2,2003Q1
555,16445,NM,12205.0,THE FARMERS BANK & TRUST OF CHENEYVILLE,35317,32103,FAILURE,CHENEYVILLE, LA,2002,12,2002Q4
556,9961,NM,9316.0,BANK OF ALAMO,58454,52157,FAILURE,ALAMO, TN,2002,11,2002Q4
557,33784,SM,1326.0,AMTRADE INTERNATIONAL BANK OF GEORGIA,92144,73205,FAILURE,ATLANTA, GA,2002,9,2002Q3
558,29355,SB,274.0,UNIVERSAL FSB,51628,40340,FAILURE,CHICAGO, IL,2002,6,2002Q2
559,19183,NM,53784.0,CONNECTICUT BANK OF COMMERCE,384172,344416,FAILURE,STAMFORD, CT,2002,6,2002Q2
560,34979,SM,4440.0,NEW CENTURY BANK,21091,18902,FAILURE,SHELBY TOWNSHIP, MI,2002,3,2002Q1
561,26652,N,8557.61,NET FIRST NATIONAL BANK,37207,31601,FAILURE,BOCA RATON, FL,2002,3,2002Q1
562,22314,N,164047.0,NEXTBANK,700180,551297,FAILURE,PHOENIX, AZ,2002,2,2002Q1
563,8966,SM,63600.0,OAKWOOD DEPOSIT BANK,72267,60168,FAILURE,OAKWOOD, OH,2002,2,2002Q1
564,22002,NM,4574.0,BANK OF SIERRA BLANCA,10764,9914,FAILURE,SIERRA BLANCA, TX,2002,1,2002Q1
565,24382,N,101748.0,"HAMILTON BANK, NATIONAL ASSOCIATION",1409496,1298731,FAILURE,MIAMI, FL,2002,1,2002Q1
566,34248,N,4206.0,SINCLAIR NATIONAL BANK,29792,26054,FAILURE,GRAVETTE, AR,2001,9,2001Q3
567,32646,SB,286673.0,"SUPERIOR BANK, FSB",1765455,1609501,FAILURE,HINSDALE, IL,2001,7,2001Q3
568,6629,N,769.0,MALTA NATIONAL BANK,9075,8728,FAILURE,MALTA, OH,2001,5,2001Q2
569,34264,NM,817.0,FIRST ALLIANCE BANK AND TRUST CO,17438,16931,FAILURE,MANCHESTER, NH,2001,2,2001Q1
570,3815,N,2670.0,NATIONAL STATE BANK OF METROPOLIS,90397,71277,FAILURE,METROPOLIS, IL,2000,12,2000Q4
571,21029,NM,400.0,BANK OF HONOLULU,63890,59037,FAILURE,HONOLULU, HI,2000,10,2000Q4
572,338,NM,14592.0,BANK OF FALKNER,85485,77140,FAILURE,FALKNER, MS,2000,9,2000Q3
573,10985,NM,1363.0,TOWN & COUNTRY BANK OF ALMELUND,25942,26667,FAILURE,ALMELUND, MN,2000,7,2000Q3
574,25056,N,617.0,MONUMENT NATIONAL BANK,7923,7680,FAILURE,RIDGECREST, CA,2000,6,2000Q2
575,27886,SB,1322.0,MUTUAL FEDERAL SAVINGS BANK OF ATLANTA,31479,32234,FAILURE,ATLANTA, GA,2000,3,2000Q1
576,14228,NM,11574.0,HARTFORD-CARLISLE SB,105044,68549,FAILURE,CARLISLE, IA,2000,1,2000Q1
